{
  "results": {
    "ensemble": {
      "mean_crps_center_T": 0.008578540242742747,
      "std_crps_center_T": 0.007816691944288207,
      "mean_truth_center_T": 0.19782158174008752,
      "std_truth_center_T": 0.3908923842703486,
      "mean_sample_mean_center_T": 0.1987768506295979,
      "std_sample_mean_center_T": 0.3918457818244727,
      "mean_sample_std_center_T": 0.005752872291567165,
      "std_sample_std_center_T": 0.00484257042712459,
      "mean_crps_subregion_mean_T": 0.008711515381621817,
      "std_crps_subregion_mean_T": 0.007766630331763367,
      "mean_truth_subregion_mean_T": 0.19634211723382275,
      "std_truth_subregion_mean_T": 0.3892713568586998,
      "mean_sample_mean_subregion_mean_T": 0.19702346307287616,
      "std_sample_mean_subregion_mean_T": 0.39018776953776596,
      "mean_sample_std_subregion_mean_T": 0.004038829199924273,
      "std_sample_std_subregion_mean_T": 0.0020024350044394834,
      "mean_crps_max_interior_T": 0.04382471781969071,
      "std_crps_max_interior_T": 0.041299949560456364,
      "mean_truth_max_interior_T": 1.6648349941521883,
      "std_truth_max_interior_T": 0.6817954779236848,
      "mean_sample_mean_max_interior_T": 1.6677547554373742,
      "std_sample_mean_max_interior_T": 0.6798327370023225,
      "mean_sample_std_max_interior_T": 0.018153009140732205,
      "std_sample_std_max_interior_T": 0.010439320793509926,
      "mean_crps_dirichlet_energy": 0.19015090092023215,
      "std_crps_dirichlet_energy": 0.19684737830943563,
      "mean_truth_dirichlet_energy": 5.1086716462175055,
      "std_truth_dirichlet_energy": 2.794544858478015,
      "mean_sample_mean_dirichlet_energy": 5.032346285442512,
      "std_sample_mean_dirichlet_energy": 2.7533938739176502,
      "mean_sample_std_dirichlet_energy": 0.08630773194621265,
      "std_sample_std_dirichlet_energy": 0.062549957165276,
      "mean_crps_top_edge_flux": 0.11149583846982568,
      "std_crps_top_edge_flux": 0.09636926184562113,
      "mean_truth_top_edge_flux": 0.07921230979108562,
      "std_truth_top_edge_flux": 1.2719128685054306,
      "mean_sample_mean_top_edge_flux": 0.07954552572531005,
      "std_sample_mean_top_edge_flux": 1.3126021683628564,
      "mean_sample_std_top_edge_flux": 0.22699915551815641,
      "std_sample_std_top_edge_flux": 0.11471769400672852
    },
    "flow_matching": {
      "mean_crps_center_T": 0.014673139426352767,
      "std_crps_center_T": 0.012088913059884007,
      "mean_truth_center_T": 0.19782158174008752,
      "std_truth_center_T": 0.3908923842703486,
      "mean_sample_mean_center_T": 0.18328603805733534,
      "std_sample_mean_center_T": 0.3729251695558519,
      "mean_sample_std_center_T": 0.02217911226313081,
      "std_sample_std_center_T": 0.008678293845641616,
      "mean_crps_subregion_mean_T": 0.014573579818631211,
      "std_crps_subregion_mean_T": 0.01207102281841071,
      "mean_truth_subregion_mean_T": 0.19634211723382275,
      "std_truth_subregion_mean_T": 0.3892713568586998,
      "mean_sample_mean_subregion_mean_T": 0.18184088193050896,
      "std_sample_mean_subregion_mean_T": 0.3714081113952923,
      "mean_sample_std_subregion_mean_T": 0.021792004554166397,
      "std_sample_std_subregion_mean_T": 0.008502901276686486,
      "mean_crps_max_interior_T": 0.05745332762847344,
      "std_crps_max_interior_T": 0.04502601982439272,
      "mean_truth_max_interior_T": 1.6648349941521883,
      "std_truth_max_interior_T": 0.6817954779236848,
      "mean_sample_mean_max_interior_T": 1.589467130680879,
      "std_sample_mean_max_interior_T": 0.6543713847178881,
      "mean_sample_std_max_interior_T": 0.06299058890537235,
      "std_sample_std_max_interior_T": 0.02764768440929875,
      "mean_crps_dirichlet_energy": 0.2758787990510464,
      "std_crps_dirichlet_energy": 0.22671108904051557,
      "mean_truth_dirichlet_energy": 5.1086716462175055,
      "std_truth_dirichlet_energy": 2.794544858478015,
      "mean_sample_mean_dirichlet_energy": 4.7347020877997075,
      "std_sample_mean_dirichlet_energy": 2.648637610094151,
      "mean_sample_std_dirichlet_energy": 0.2520572868818455,
      "std_sample_std_dirichlet_energy": 0.14368618063006702,
      "mean_crps_top_edge_flux": 0.06915175258088857,
      "std_crps_top_edge_flux": 0.06804816453071233,
      "mean_truth_top_edge_flux": 0.07921230979108562,
      "std_truth_top_edge_flux": 1.2719128685054306,
      "mean_sample_mean_top_edge_flux": 0.03622910292943319,
      "std_sample_mean_top_edge_flux": 1.2039382994634702,
      "mean_sample_std_top_edge_flux": 0.0908012316447303,
      "std_sample_std_top_edge_flux": 0.03992388690749359
    },
    "ddpm_improved": {
      "mean_crps_center_T": 0.0076941462745695995,
      "std_crps_center_T": 0.007030223082957193,
      "mean_truth_center_T": 0.19782158174008752,
      "std_truth_center_T": 0.3908923842703486,
      "mean_sample_mean_center_T": 0.19904189811542164,
      "std_sample_mean_center_T": 0.3890391252935649,
      "mean_sample_std_center_T": 0.011313468139243537,
      "std_sample_std_center_T": 0.00437414681216327,
      "mean_crps_subregion_mean_T": 0.007635836760823924,
      "std_crps_subregion_mean_T": 0.006989604582695473,
      "mean_truth_subregion_mean_T": 0.19634211723382275,
      "std_truth_subregion_mean_T": 0.3892713568586998,
      "mean_sample_mean_subregion_mean_T": 0.19746173369636139,
      "std_sample_mean_subregion_mean_T": 0.3875073286037732,
      "mean_sample_std_subregion_mean_T": 0.011224434035827211,
      "std_sample_std_subregion_mean_T": 0.004340238271977397,
      "mean_crps_max_interior_T": 0.02875022373286386,
      "std_crps_max_interior_T": 0.02662996223617938,
      "mean_truth_max_interior_T": 1.6648349941521883,
      "std_truth_max_interior_T": 0.6817954779236848,
      "mean_sample_mean_max_interior_T": 1.660784971023289,
      "std_sample_mean_max_interior_T": 0.682300502392656,
      "mean_sample_std_max_interior_T": 0.04653555516681919,
      "std_sample_std_max_interior_T": 0.019463109287688296,
      "mean_crps_dirichlet_energy": 0.12673254229625067,
      "std_crps_dirichlet_energy": 0.12935870955944256,
      "mean_truth_dirichlet_energy": 5.1086716462175055,
      "std_truth_dirichlet_energy": 2.794544858478015,
      "mean_sample_mean_dirichlet_energy": 5.067152896066506,
      "std_sample_mean_dirichlet_energy": 2.7799470209824038,
      "mean_sample_std_dirichlet_energy": 0.19466818038800923,
      "std_sample_std_dirichlet_energy": 0.10485274603754187,
      "mean_crps_top_edge_flux": 0.04392222191859037,
      "std_crps_top_edge_flux": 0.04129159302461363,
      "mean_truth_top_edge_flux": 0.07921230979108562,
      "std_truth_top_edge_flux": 1.2719128685054306,
      "mean_sample_mean_top_edge_flux": 0.09136470116333413,
      "std_sample_mean_top_edge_flux": 1.2570130395980534,
      "mean_sample_std_top_edge_flux": 0.06859647659073317,
      "std_sample_std_top_edge_flux": 0.02782724783787246
    }
  },
  "eval_time_seconds": 820.8948838710785,
  "run_params": {
    "max_samples": 300,
    "dataset": "test_in.npz",
    "regime": "sparse-noisy",
    "n_gen_samples": 5
  }
}