{
  "results": {
    "exact": {
      "ensemble": {
        "coverage_50": 0.31369954347610474,
        "coverage_90": 0.6515445709228516,
        "coverage_95": 0.7215917706489563,
        "crps": 0.012960190884768963,
        "calibration_error": 0.17088523507118225,
        "sharpness": 0.01107108499854803
      },
      "flow_matching": {
        "coverage_50": 0.390154629945755,
        "coverage_90": 0.8012304902076721,
        "coverage_95": 0.8716292381286621,
        "crps": 0.02347206138074398,
        "calibration_error": 0.09331312775611877,
        "sharpness": 0.026617305353283882
      },
      "ddpm_improved": {
        "coverage_50": 0.586352527141571,
        "coverage_90": 0.859912097454071,
        "coverage_95": 0.8912304639816284,
        "crps": 0.01422870997339487,
        "calibration_error": 0.05511138588190079,
        "sharpness": 0.015523901209235191
      }
    },
    "dense-noisy": {
      "ensemble": {
        "coverage_50": 0.2481233775615692,
        "coverage_90": 0.5420361161231995,
        "coverage_95": 0.6132975220680237,
        "crps": 0.01673530973494053,
        "calibration_error": 0.2353881597518921,
        "sharpness": 0.011545068584382534
      },
      "flow_matching": {
        "coverage_50": 0.35383138060569763,
        "coverage_90": 0.7479134202003479,
        "coverage_95": 0.82596355676651,
        "crps": 0.02603832818567753,
        "calibration_error": 0.12557470798492432,
        "sharpness": 0.02724083513021469
      },
      "ddpm_improved": {
        "coverage_50": 0.3809684216976166,
        "coverage_90": 0.7406705617904663,
        "coverage_95": 0.810631513595581,
        "crps": 0.01787932962179184,
        "calibration_error": 0.10978446900844574,
        "sharpness": 0.016136305406689644
      }
    },
    "sparse-clean": {
      "ensemble": {
        "coverage_50": 0.2966032028198242,
        "coverage_90": 0.6181299090385437,
        "coverage_95": 0.6867740750312805,
        "crps": 0.014723717235028744,
        "calibration_error": 0.1881469488143921,
        "sharpness": 0.010751158930361271
      },
      "flow_matching": {
        "coverage_50": 0.4169986844062805,
        "coverage_90": 0.8509554266929626,
        "coverage_95": 0.9093326926231384,
        "crps": 0.03407437726855278,
        "calibration_error": 0.06200551241636276,
        "sharpness": 0.04539543762803078
      },
      "ddpm_improved": {
        "coverage_50": 0.5741389989852905,
        "coverage_90": 0.8700585961341858,
        "coverage_95": 0.9065690040588379,
        "crps": 0.021087780594825745,
        "calibration_error": 0.04737941175699234,
        "sharpness": 0.027427393943071365
      }
    },
    "sparse-noisy": {
      "ensemble": {
        "coverage_50": 0.16992025077342987,
        "coverage_90": 0.3901253342628479,
        "coverage_95": 0.4508870542049408,
        "crps": 0.025669405236840248,
        "calibration_error": 0.31509828567504883,
        "sharpness": 0.011376491747796535
      },
      "flow_matching": {
        "coverage_50": 0.37223145365715027,
        "coverage_90": 0.7689924836158752,
        "coverage_95": 0.8477392792701721,
        "crps": 0.04131867736577988,
        "calibration_error": 0.10936148464679718,
        "sharpness": 0.049039408564567566
      },
      "ddpm_improved": {
        "coverage_50": 0.4095052182674408,
        "coverage_90": 0.7698827981948853,
        "coverage_95": 0.8315771222114563,
        "crps": 0.02799275703728199,
        "calibration_error": 0.0836886316537857,
        "sharpness": 0.029971599578857422
      }
    },
    "very-sparse": {
      "ensemble": {
        "coverage_50": 0.06761718541383743,
        "coverage_90": 0.1641324907541275,
        "coverage_95": 0.19466471672058105,
        "crps": 0.06783341616392136,
        "calibration_error": 0.4249212145805359,
        "sharpness": 0.012089953757822514
      },
      "flow_matching": {
        "coverage_50": 0.3686979115009308,
        "coverage_90": 0.7619417309761047,
        "coverage_95": 0.8358935713768005,
        "crps": 0.07957474887371063,
        "calibration_error": 0.11368846893310547,
        "sharpness": 0.09435539692640305
      },
      "ddpm_improved": {
        "coverage_50": 0.36271485686302185,
        "coverage_90": 0.737317681312561,
        "coverage_95": 0.81063312292099,
        "crps": 0.06552005559206009,
        "calibration_error": 0.12233462184667587,
        "sharpness": 0.07398997247219086
      }
    }
  },
  "eval_time_seconds": 7783.742394685745,
  "run_params": {
    "max_samples": 150,
    "dataset": "test_ood.npz"
  }
}