{
  "results": {
    "ensemble": {
      "exact": {
        "raw_coverage_50": 0.4680891927083333,
        "spatial_50_coverage": 0.58,
        "spatial_50_pixelwise_coverage": 0.9997477213541667,
        "spatial_50_q_hat": 14.250378608703613,
        "spatial_50_mean_width": 0.19141513109207153,
        "pixelwise_50_coverage": 0.5047770182291667,
        "pixelwise_50_q_hat": 0.7411814332008362,
        "pixelwise_50_mean_width": 0.009955759160220623,
        "raw_coverage_90": 0.8154654947916666,
        "spatial_90_coverage": 0.92,
        "spatial_90_pixelwise_coverage": 0.9999755859375,
        "spatial_90_q_hat": 25.316354751586914,
        "spatial_90_mean_width": 0.340056449174881,
        "pixelwise_90_coverage": 0.9072265625,
        "pixelwise_90_q_hat": 2.3136332035064697,
        "pixelwise_90_mean_width": 0.03107737936079502,
        "raw_coverage_95": 0.8673746744791667,
        "spatial_95_coverage": 0.9533333333333334,
        "spatial_95_pixelwise_coverage": 0.9999886067708333,
        "spatial_95_q_hat": 32.002140045166016,
        "spatial_95_mean_width": 0.42986181378364563,
        "pixelwise_95_coverage": 0.9546175130208333,
        "pixelwise_95_q_hat": 3.0937867164611816,
        "pixelwise_95_mean_width": 0.041556619107723236
      },
      "dense-noisy": {
        "raw_coverage_50": 0.2540234375,
        "spatial_50_coverage": 0.5266666666666666,
        "spatial_50_pixelwise_coverage": 0.9995947265625,
        "spatial_50_q_hat": 28.978290557861328,
        "spatial_50_mean_width": 0.4374144375324249,
        "pixelwise_50_coverage": 0.5165087890625,
        "pixelwise_50_q_hat": 1.526774287223816,
        "pixelwise_50_mean_width": 0.0230459813028574,
        "raw_coverage_90": 0.5463834635416667,
        "spatial_90_coverage": 0.8333333333333334,
        "spatial_90_pixelwise_coverage": 0.9999251302083333,
        "spatial_90_q_hat": 47.69603729248047,
        "spatial_90_mean_width": 0.7199505567550659,
        "pixelwise_90_coverage": 0.9026057942708333,
        "pixelwise_90_q_hat": 4.737142086029053,
        "pixelwise_90_mean_width": 0.07150506228208542,
        "raw_coverage_95": 0.6179475911458333,
        "spatial_95_coverage": 0.9466666666666667,
        "spatial_95_pixelwise_coverage": 0.9999837239583333,
        "spatial_95_q_hat": 72.65699005126953,
        "spatial_95_mean_width": 1.0967251062393188,
        "pixelwise_95_coverage": 0.9488606770833333,
        "pixelwise_95_q_hat": 6.304169178009033,
        "pixelwise_95_mean_width": 0.0951586440205574
      },
      "sparse-clean": {
        "raw_coverage_50": 0.47613606770833333,
        "spatial_50_coverage": 0.5466666666666666,
        "spatial_50_pixelwise_coverage": 0.9997233072916667,
        "spatial_50_q_hat": 15.016092300415039,
        "spatial_50_mean_width": 0.20318040251731873,
        "pixelwise_50_coverage": 0.5140576171875,
        "pixelwise_50_q_hat": 0.7451393008232117,
        "pixelwise_50_mean_width": 0.010082364082336426,
        "raw_coverage_90": 0.8092903645833334,
        "spatial_90_coverage": 0.9133333333333333,
        "spatial_90_pixelwise_coverage": 0.9999690755208334,
        "spatial_90_q_hat": 27.142343521118164,
        "spatial_90_mean_width": 0.36725881695747375,
        "pixelwise_90_coverage": 0.9088444010416666,
        "pixelwise_90_q_hat": 2.4376890659332275,
        "pixelwise_90_mean_width": 0.032983988523483276,
        "raw_coverage_95": 0.859521484375,
        "spatial_95_coverage": 0.94,
        "spatial_95_pixelwise_coverage": 0.99998046875,
        "spatial_95_q_hat": 31.968721389770508,
        "spatial_95_mean_width": 0.43256378173828125,
        "pixelwise_95_coverage": 0.9559440104166667,
        "pixelwise_95_q_hat": 3.3299126625061035,
        "pixelwise_95_mean_width": 0.045056529343128204
      },
      "sparse-noisy": {
        "raw_coverage_50": 0.13095377604166666,
        "spatial_50_coverage": 0.54,
        "spatial_50_pixelwise_coverage": 0.999677734375,
        "spatial_50_q_hat": 47.02693176269531,
        "spatial_50_mean_width": 0.7100533843040466,
        "pixelwise_50_coverage": 0.5072932942708334,
        "pixelwise_50_q_hat": 2.809900999069214,
        "pixelwise_50_mean_width": 0.04242631793022156,
        "raw_coverage_90": 0.3117171223958333,
        "spatial_90_coverage": 0.9266666666666666,
        "spatial_90_pixelwise_coverage": 0.9999788411458334,
        "spatial_90_q_hat": 92.81806945800781,
        "spatial_90_mean_width": 1.4014476537704468,
        "pixelwise_90_coverage": 0.9126204427083333,
        "pixelwise_90_q_hat": 8.954489707946777,
        "pixelwise_90_mean_width": 0.13520263135433197,
        "raw_coverage_95": 0.3694970703125,
        "spatial_95_coverage": 0.9666666666666667,
        "spatial_95_pixelwise_coverage": 0.9999918619791667,
        "spatial_95_q_hat": 120.63724517822266,
        "spatial_95_mean_width": 1.8214856386184692,
        "pixelwise_95_coverage": 0.958037109375,
        "pixelwise_95_q_hat": 11.886741638183594,
        "pixelwise_95_mean_width": 0.1794763207435608
      },
      "very-sparse": {
        "raw_coverage_50": 0.063681640625,
        "spatial_50_coverage": 0.4866666666666667,
        "spatial_50_pixelwise_coverage": 0.9994661458333334,
        "spatial_50_q_hat": 95.94576263427734,
        "spatial_50_mean_width": 1.8349125385284424,
        "pixelwise_50_coverage": 0.5256722005208333,
        "pixelwise_50_q_hat": 6.564704895019531,
        "pixelwise_50_mean_width": 0.12554652988910675,
        "raw_coverage_90": 0.15396158854166667,
        "spatial_90_coverage": 0.8666666666666667,
        "spatial_90_pixelwise_coverage": 0.9999527994791667,
        "spatial_90_q_hat": 172.4705810546875,
        "spatial_90_mean_width": 3.2984092235565186,
        "pixelwise_90_coverage": 0.9035074869791667,
        "pixelwise_90_q_hat": 19.65723991394043,
        "pixelwise_90_mean_width": 0.3759343922138214,
        "raw_coverage_95": 0.18182291666666667,
        "spatial_95_coverage": 0.9466666666666667,
        "spatial_95_pixelwise_coverage": 0.9999853515625,
        "spatial_95_q_hat": 223.9412384033203,
        "spatial_95_mean_width": 4.282758712768555,
        "pixelwise_95_coverage": 0.9493636067708333,
        "pixelwise_95_q_hat": 25.76313591003418,
        "pixelwise_95_mean_width": 0.49270644783973694
      }
    },
    "flow_matching": {
      "exact": {
        "raw_coverage_50": 0.5310693359375,
        "spatial_50_coverage": 0.4866666666666667,
        "spatial_50_pixelwise_coverage": 0.9648209635416667,
        "spatial_50_q_hat": 1.6402817964553833,
        "spatial_50_mean_width": 0.04183410480618477,
        "pixelwise_50_coverage": 0.50259765625,
        "pixelwise_50_q_hat": 0.6400461196899414,
        "pixelwise_50_mean_width": 0.01632387563586235,
        "raw_coverage_90": 0.9653662109375,
        "spatial_90_coverage": 0.86,
        "spatial_90_pixelwise_coverage": 0.9969075520833334,
        "spatial_90_q_hat": 2.205888271331787,
        "spatial_90_mean_width": 0.056259460747241974,
        "pixelwise_90_coverage": 0.9048844401041667,
        "pixelwise_90_q_hat": 1.335262656211853,
        "pixelwise_90_mean_width": 0.03405483067035675,
        "raw_coverage_95": 0.9895442708333333,
        "spatial_95_coverage": 0.92,
        "spatial_95_pixelwise_coverage": 0.9989436848958333,
        "spatial_95_q_hat": 2.369786262512207,
        "spatial_95_mean_width": 0.060439541935920715,
        "pixelwise_95_coverage": 0.9480712890625,
        "pixelwise_95_q_hat": 1.5178786516189575,
        "pixelwise_95_mean_width": 0.038712311536073685
      },
      "dense-noisy": {
        "raw_coverage_50": 0.4700341796875,
        "spatial_50_coverage": 0.4666666666666667,
        "spatial_50_pixelwise_coverage": 0.9798990885416666,
        "spatial_50_q_hat": 2.5261752605438232,
        "spatial_50_mean_width": 0.10427064448595047,
        "pixelwise_50_coverage": 0.5021402994791667,