{
  "results": {
    "unet_regressor": {
      "rel_l2": {
        "mean": 0.028124731925005714,
        "std": 0.010328601651403995
      },
      "pde_residual": {
        "mean": 28.068195921579996,
        "std": 7.369811295893397
      },
      "bc_err": {
        "mean": 0.019495119592174887,
        "std": 0.005103418783680686
      },
      "max_viol": {
        "mean": 0.0,
        "std": 0.0
      },
      "energy_pred": {
        "mean": 7.157176730235418,
        "std": 2.7310878054774843
      },
      "energy_true": {
        "mean": 7.382790883779526,
        "std": 2.820070945825181
      },
      "rel_energy_err": {
        "mean": 0.030819886634364017,
        "std": 0.016486968405322246
      }
    },
    "fno": {
      "rel_l2": {
        "mean": 0.39925647584100565,
        "std": 0.23599520035890417
      },
      "pde_residual": {
        "mean": 42.06597005844116,
        "std": 10.485779898477613
      },
      "bc_err": {
        "mean": 0.26232561950882277,
        "std": 0.15675149169196492
      },
      "max_viol": {
        "mean": 0.12666666666666668,
        "std": 1.702142440834165
      },
      "energy_pred": {
        "mean": 7.343543886343638,
        "std": 2.920494795068489
      },
      "energy_true": {
        "mean": 7.382790883779526,
        "std": 2.820070945825181
      },
      "rel_energy_err": {
        "mean": 0.09620441672037439,
        "std": 0.06365018236126317
      }
    },
    "ensemble": {
      "coverage_50": 0.32198241353034973,
      "coverage_90": 0.6543896198272705,
      "coverage_95": 0.7221004366874695,
      "crps": 0.012887025251984596,
      "calibration_error": 0.16488273441791534,
      "sharpness": 0.011004273779690266
    },
    "flow_matching": {
      "coverage_50": 0.3938484787940979,
      "coverage_90": 0.8134928345680237,
      "coverage_95": 0.8774096965789795,
      "crps": 0.023366283625364304,
      "calibration_error": 0.08502285182476044,
      "sharpness": 0.026783179491758347
    },
    "ddpm_improved": {
      "coverage_50": 0.5882893800735474,
      "coverage_90": 0.8543302416801453,
      "coverage_95": 0.886975884437561,
      "crps": 0.01441290695220232,
      "calibration_error": 0.0600418858230114,
      "sharpness": 0.01547141745686531
    }
  },
  "eval_time_seconds": 3109.856503725052,
  "run_params": {
    "max_samples": 300,
    "dataset": "test_ood.npz",
    "regime": "exact"
  }
}