{
  "metrics": {
    "test_in": {
      "rel_l2": {
        "mean": 0.0022355744149535894,
        "std": 0.0010137239005416632
      },
      "pde_residual": {
        "mean": 4.222277641296387,
        "std": 0.3467683792114258
      },
      "bc_err": {
        "mean": 0.0014258110895752907,
        "std": 0.0003528372326400131
      },
      "max_viol": {
        "mean": 0.0,
        "std": 0.0
      },
      "energy_pred": {
        "mean": 5.102247714996338,
        "std": 2.790700674057007
      },
      "energy_true": {
        "mean": 5.10867166519165,
        "std": 2.7945446968078613
      },
      "rel_energy_err": {
        "mean": 0.002059697639197111,
        "std": 0.0018779118545353413
      }
    },
    "test_ood": {
      "rel_l2": {
        "mean": 0.06386382132768631,
        "std": 0.02622678317129612
      },
      "pde_residual": {
        "mean": 4.6768951416015625,
        "std": 0.42952510714530945
      },
      "bc_err": {
        "mean": 0.07735948264598846,
        "std": 0.019470101222395897
      },
      "max_viol": {
        "mean": 0.043333333333333335,
        "std": 0.20360637405433935
      },
      "energy_pred": {
        "mean": 6.170655727386475,
        "std": 2.3775439262390137
      },
      "energy_true": {
        "mean": 7.382789611816406,
        "std": 2.820070505142212
      },
      "rel_energy_err": {
        "mean": 0.1636703759431839,
        "std": 0.0538950115442276
      }
    }
  },
  "n_samples": 5,
  "max_samples": 300
}