{
  "unet_regressor": {
    "metrics": {
      "test_in": {
        "rel_l2": {
          "mean": 0.011364183273445815,
          "std": 0.003788477570448694
        },
        "pde_residual": {
          "mean": 20.576694922065734,
          "std": 6.867513010100064
        },
        "bc_err": {
          "mean": 0.006693206327036023,
          "std": 0.0022423550956161987
        },
        "max_viol": {
          "mean": 0.0,
          "std": 0.0
        },
        "energy_pred": {
          "mean": 5.042999186779559,
          "std": 2.8197995063012424
        },
        "energy_true": {
          "mean": 5.097581949952245,
          "std": 2.8661117174253454
        },
        "rel_energy_err": {
          "mean": 0.013043078455011212,
          "std": 0.014229149723761762
        }
      },
      "test_ood": {
        "rel_l2": {
          "mean": 0.028862896667793392,
          "std": 0.010107960281050835
        },
        "pde_residual": {
          "mean": 28.28870869064331,
          "std": 7.70830473604798
        },
        "bc_err": {
          "mean": 0.019885876791086048,
          "std": 0.005323443121829323
        },
        "max_viol": {
          "mean": 0.0,
          "std": 0.0
        },
        "energy_pred": {
          "mean": 7.289037772059441,
          "std": 2.740574628131296
        },
        "energy_true": {
          "mean": 7.522615294575691,
          "std": 2.8243020394195923
        },
        "rel_energy_err": {
          "mean": 0.031757898474262296,
          "std": 0.01593788967741856
        }
      }
    },
    "eval_time_seconds": 13.953823566436768
  },
  "fno": {
    "metrics": {
      "test_in": {
        "rel_l2": {
          "mean": 0.401618898344785,
          "std": 0.31564032414469395
        },
        "pde_residual": {
          "mean": 24.51897050971985,
          "std": 8.44836866049471
        },
        "bc_err": {
          "mean": 0.20878670660816134,
          "std": 0.15984767787094495
        },
        "max_viol": {
          "mean": 0.0058,
          "std": 0.13025498071091177
        },
        "energy_pred": {
          "mean": 5.101855417117476,
          "std": 2.8308456736144585
        },
        "energy_true": {
          "mean": 5.097581949952245,
          "std": 2.8661117174253454
        },
        "rel_energy_err": {
          "mean": 0.0448383920215616,
          "std": 0.03662106853232418
        }
      },
      "test_ood": {
        "rel_l2": {
          "mean": 0.3979011385217309,
          "std": 0.2453800071571865
        },
        "pde_residual": {
          "mean": 42.43341242980957,
          "std": 10.615393184107656
        },
        "bc_err": {
          "mean": 0.2569035283178091,
          "std": 0.16139934926293809
        },
        "max_viol": {
          "mean": 0.196,
          "std": 2.525783838732048
        },
        "energy_pred": {
          "mean": 7.545584915876389,
          "std": 2.9864498538228395
        },
        "energy_true": {
          "mean": 7.522615294575691,
          "std": 2.8243020394195923
        },
        "rel_energy_err": {
          "mean": 0.09321288514887317,
          "std": 0.0677492314500177
        }
      }
    },
    "eval_time_seconds": 3.5812201499938965
  }
}